{
  "2_1MB": {
    "median_ms": 0.648399753117701,
    "mean_ms": 0.7436232994223246,
    "std_ms": 0.35445316290400575
  },
  "2_10MB": {
    "median_ms": 3.2873089985514525,
    "mean_ms": 3.713781949772965,
    "std_ms": 1.6269141333106856
  },
  "2_100MB": {
    "median_ms": 40.01955799685675,
    "mean_ms": 39.90670309976849,
    "std_ms": 1.128707652212707
  },
  "2_1GB": {
    "median_ms": 402.46802375258994,
    "mean_ms": 403.6079078752664,
    "std_ms": 8.061451880926027
  },
  "4_1MB": {
    "median_ms": 1.3486471252690535,
    "mean_ms": 1.4413224620511755,
    "std_ms": 0.33948592865937083
  },
  "4_10MB": {
    "median_ms": 6.352185000650934,
    "mean_ms": 6.380268162320135,
    "std_ms": 0.9363090895990391
  },
  "4_100MB": {
    "median_ms": 57.54903662818833,
    "mean_ms": 60.432098638193565,
    "std_ms": 6.61062068931972
  },
  "4_1GB": {
    "median_ms": 734.6892570003547,
    "mean_ms": 741.1546035997162,
    "std_ms": 92.32826036116279
  },
  "6_1MB": {
    "median_ms": 1.5139391653065104,
    "mean_ms": 1.5419375327231442,
    "std_ms": 0.2401194378816477
  },
  "6_10MB": {
    "median_ms": 6.5108024985723505,
    "mean_ms": 6.409569098832435,
    "std_ms": 0.6646178704296208
  },
  "6_100MB": {
    "median_ms": 83.71536983395345,
    "mean_ms": 86.14247750847426,
    "std_ms": 5.512752350447959
  },
  "6_1GB": {
    "median_ms": 772.1862457498598,
    "mean_ms": 774.3940680168938,
    "std_ms": 100.74616922530704
  }
}