{
  "ddp": {
    "label": "DDP + AdamW",
    "mode": "ddp",
    "num_params": 3406809600,
    "param_bytes": 13627238400,
    "mem_after_wrap_current": 13762340864,
    "mem_after_wrap_peak": 13762343424,
    "mem_after_warmup_current": 54692751360,
    "mem_after_warmup_peak": 55959471104,
    "mem_measure_start_current": 54692751360,
    "mem_after_zero_grad_current": 41065512960,
    "mem_after_backward_current": 54733711872,
    "mem_after_backward_peak": 55959471104,
    "mem_after_step_current": 54733711872,
    "mem_after_step_peak": 55959471104,
    "mem_after_init": 13762343424,
    "mem_before_step": 55959471104,
    "mem_after_step": 55959471104,
    "total_median_ms": 1463.1948267488042,
    "total_mean_ms": 1463.15287750258,
    "total_std_ms": 0.5172229520032116,
    "fwd_bwd_median_ms": 1383.322314490215,
    "sync_median_ms": 18.010314757702872,
    "optim_median_ms": 61.736482253763825
  },
  "fsdp_prefetch_0": {
    "label": "FSDP fp32 prefetch=0",
    "mode": "fsdp_prefetch_0",
    "num_params": 3406809600,
    "param_bytes": 13627238400,
    "mem_after_wrap_current": 6880176128,
    "mem_after_wrap_peak": 13916301312,
    "mem_after_warmup_current": 27371743232,
    "mem_after_warmup_peak": 35423611904,
    "mem_measure_start_current": 27371743232,
    "mem_after_zero_grad_current": 20548354048,
    "mem_after_backward_current": 27414800896,
    "mem_after_backward_peak": 35423611904,
    "mem_after_step_current": 27414800896,
    "mem_after_step_peak": 35423611904,
    "mem_after_init": 13916301312,
    "mem_before_step": 35423611904,
    "mem_after_step": 35423611904,
    "total_median_ms": 1618.078313244041,
    "total_mean_ms": 1618.4323673114704,
    "total_std_ms": 1.7066685594140953,
    "fwd_bwd_median_ms": 1578.4392262430629,
    "sync_median_ms": 8.08225423679687,
    "optim_median_ms": 31.68073199049104
  },
  "fsdp_prefetch_1": {
    "label": "FSDP fp32 prefetch=1",
    "mode": "fsdp_prefetch_1",
    "num_params": 3406809600,
    "param_bytes": 13627238400,
    "mem_after_wrap_current": 6880176128,
    "mem_after_wrap_peak": 13916301312,
    "mem_after_warmup_current": 27372791808,
    "mem_after_warmup_peak": 35632212992,
    "mem_measure_start_current": 27372791808,
    "mem_after_zero_grad_current": 20546256896,
    "mem_after_backward_current": 27412179456,
    "mem_after_backward_peak": 35631229952,
    "mem_after_step_current": 27412179456,
    "mem_after_step_peak": 35631229952,
    "mem_after_init": 13916301312,
    "mem_before_step": 35631229952,
    "mem_after_step": 35631229952,
    "total_median_ms": 1546.0520640044706,
    "total_mean_ms": 1546.7647473778925,
    "total_std_ms": 3.3979578337550653,
    "fwd_bwd_median_ms": 1506.4186205127044,
    "sync_median_ms": 8.537589746993035,
    "optim_median_ms": 31.510163258644752
  },
  "fsdp_prefetch_2": {
    "label": "FSDP fp32 prefetch=2",
    "mode": "fsdp_prefetch_2",
    "num_params": 3406809600,
    "param_bytes": 13627238400,
    "mem_after_wrap_current": 6880176128,
    "mem_after_wrap_peak": 13916301312,
    "mem_after_warmup_current": 27370694656,
    "mem_after_warmup_peak": 35824227328,
    "mem_measure_start_current": 27370694656,
    "mem_after_zero_grad_current": 20547305472,
    "mem_after_backward_current": 27416898048,
    "mem_after_backward_peak": 35823145984,
    "mem_after_step_current": 27416898048,
    "mem_after_step_peak": 35823145984,
    "mem_after_init": 13916301312,
    "mem_before_step": 35823145984,
    "mem_after_step": 35823145984,
    "total_median_ms": 1540.9827159892302,
    "total_mean_ms": 1542.0575233001728,
    "total_std_ms": 2.715081728152328,
    "fwd_bwd_median_ms": 1502.5065110094147,
    "sync_median_ms": 7.819105972885154,
    "optim_median_ms": 31.701428510132246
  },
  "fsdp_prefetch_4": {
    "label": "FSDP fp32 prefetch=4",
    "mode": "fsdp_prefetch_4",
    "num_params": 3406809600,
    "param_bytes": 13627238400,
    "mem_after_wrap_current": 6880176128,
    "mem_after_wrap_peak": 13916301312,
    "mem_after_warmup_current": 27367548928,
    "mem_after_warmup_peak": 36090565632,
    "mem_measure_start_current": 27367548928,
    "mem_after_zero_grad_current": 20549402624,
    "mem_after_backward_current": 27409558016,
    "mem_after_backward_peak": 36089844736,
    "mem_after_step_current": 27409558016,
    "mem_after_step_peak": 36089844736,
    "mem_after_init": 13916301312,
    "mem_before_step": 36089844736,
    "mem_after_step": 36089844736,
    "total_median_ms": 1524.4278992468026,
    "total_mean_ms": 1523.7770166932023,
    "total_std_ms": 2.7502672406350808,
    "fwd_bwd_median_ms": 1483.677291238564,
    "sync_median_ms": 8.911864497349598,
    "optim_median_ms": 31.841863252338953
  }
}