{
  "ddp": {
    "label": "DDP + AdamW",
    "mode": "ddp",
    "num_params": 3406809600,
    "param_bytes": 13627238400,
    "mem_after_wrap_current": 13762340864,
    "mem_after_wrap_peak": 13762343424,
    "mem_after_warmup_current": 54692751360,
    "mem_after_warmup_peak": 55959471104,
    "mem_measure_start_current": 54692751360,
    "mem_after_zero_grad_current": 41065512960,
    "mem_after_backward_current": 54733711872,
    "mem_after_backward_peak": 55959471104,
    "mem_after_step_current": 54733711872,
    "mem_after_step_peak": 55959471104,
    "mem_after_init": 13762343424,
    "mem_before_step": 55959471104,
    "mem_after_step": 55959471104,
    "total_median_ms": 1462.4819090022356,
    "total_mean_ms": 1462.6140636264608,
    "total_std_ms": 1.0354109809526466,
    "fwd_bwd_median_ms": 1383.0646397473174,
    "sync_median_ms": 18.000975003815256,
    "optim_median_ms": 61.47932274325285
  },
  "fsdp_fp32": {
    "label": "FSDP fp32 + AdamW",
    "mode": "fsdp_fp32",
    "num_params": 3406809600,
    "param_bytes": 13627238400,
    "mem_after_wrap_current": 6880176128,
    "mem_after_wrap_peak": 13916301312,
    "mem_after_warmup_current": 27372791808,
    "mem_after_warmup_peak": 35632212992,
    "mem_measure_start_current": 27372791808,
    "mem_after_zero_grad_current": 20546256896,
    "mem_after_backward_current": 27412179456,
    "mem_after_backward_peak": 35631229952,
    "mem_after_step_current": 27412179456,
    "mem_after_step_peak": 35631229952,
    "mem_after_init": 13916301312,
    "mem_before_step": 35631229952,
    "mem_after_step": 35631229952,
    "total_median_ms": 1542.2988852515118,
    "total_mean_ms": 1542.4017883779015,
    "total_std_ms": 1.0400145779650138,
    "fwd_bwd_median_ms": 1505.0285934921703,
    "sync_median_ms": 5.967077755485661,
    "optim_median_ms": 31.356841005617753
  },
  "fsdp_fp16": {
    "label": "FSDP fp16 + AdamW",
    "mode": "fsdp_fp16",
    "num_params": 3406809600,
    "param_bytes": 13627238400,
    "mem_after_wrap_current": 6880176128,
    "mem_after_wrap_peak": 13864740864,
    "mem_after_warmup_current": 27393240064,
    "mem_after_warmup_peak": 30169690624,
    "mem_measure_start_current": 27393240064,
    "mem_after_zero_grad_current": 20573520896,
    "mem_after_backward_current": 27413720576,
    "mem_after_backward_peak": 30164447232,
    "mem_after_step_current": 27413720576,
    "mem_after_step_peak": 30164447232,
    "mem_after_init": 13864740864,
    "mem_before_step": 30164447232,
    "mem_after_step": 30164447232,
    "total_median_ms": 507.0035709941294,
    "total_mean_ms": 507.36845661958796,
    "total_std_ms": 4.574454316506389,
    "fwd_bwd_median_ms": 455.49690700136125,
    "sync_median_ms": 6.429240747820586,
    "optim_median_ms": 44.800244497309905
  }
}