{
  "ddp": {
    "label": "DDP + AdamW",
    "mode": "ddp",
    "num_params": 3406809600,
    "param_bytes": 13627238400,
    "mem_after_wrap_current": 13762340864,
    "mem_after_wrap_peak": 13762343424,
    "mem_after_warmup_current": 54692751360,
    "mem_after_warmup_peak": 55959471104,
    "mem_measure_start_current": 54692751360,
    "mem_after_zero_grad_current": 41065512960,
    "mem_after_backward_current": 54733711872,
    "mem_after_backward_peak": 55959471104,
    "mem_after_step_current": 54733711872,
    "mem_after_step_peak": 55959471104,
    "mem_after_init": 13762343424,
    "mem_before_step": 55959471104,
    "mem_after_step": 55959471104,
    "total_median_ms": 1466.8031224973674,
    "total_mean_ms": 1467.4636830613963,
    "total_std_ms": 2.0264538211283263,
    "fwd_bwd_median_ms": 1386.8287022487493,
    "sync_median_ms": 18.06203125306638,
    "optim_median_ms": 61.8474252478336
  },
  "fsdp_prefetch_0": {
    "label": "FSDP fp32 prefetch=0",
    "mode": "fsdp_prefetch_0",
    "num_params": 3406809600,
    "param_bytes": 13627238400,
    "mem_after_wrap_current": 6880176128,
    "mem_after_wrap_peak": 13916301312,
    "mem_after_warmup_current": 27371743232,
    "mem_after_warmup_peak": 35423611904,
    "mem_measure_start_current": 27371743232,
    "mem_after_zero_grad_current": 20548354048,
    "mem_after_backward_current": 27414800896,
    "mem_after_backward_peak": 35423611904,
    "mem_after_step_current": 27414800896,
    "mem_after_step_peak": 35423611904,
    "mem_after_init": 13916301312,
    "mem_before_step": 35423611904,
    "mem_after_step": 35423611904,
    "total_median_ms": 1622.3507405047712,
    "total_mean_ms": 1622.4093000628272,
    "total_std_ms": 0.6579055423878568,
    "fwd_bwd_median_ms": 1583.7597687495872,
    "sync_median_ms": 6.909314750373596,
    "optim_median_ms": 31.650126504246145
  },
  "fsdp_prefetch_1": {
    "label": "FSDP fp32 prefetch=1",
    "mode": "fsdp_prefetch_1",
    "num_params": 3406809600,
    "param_bytes": 13627238400,
    "mem_after_wrap_current": 6880176128,
    "mem_after_wrap_peak": 13916301312,
    "mem_after_warmup_current": 34088200192,
    "mem_after_warmup_peak": 42351668224,
    "mem_measure_start_current": 34088200192,
    "mem_after_zero_grad_current": 27266580480,
    "mem_after_backward_current": 34128112128,
    "mem_after_backward_peak": 42351553536,
    "mem_after_step_current": 34128112128,
    "mem_after_step_peak": 42351553536,
    "mem_after_init": 13916301312,
    "mem_before_step": 42351553536,
    "mem_after_step": 42351553536,
    "total_median_ms": 1587.437095498899,
    "total_mean_ms": 1586.8613555621778,
    "total_std_ms": 1.1816311630794298,
    "fwd_bwd_median_ms": 1548.2063700001163,
    "sync_median_ms": 7.162631998653524,
    "optim_median_ms": 31.548530747386394
  },
  "fsdp_prefetch_2": {
    "label": "FSDP fp32 prefetch=2",
    "mode": "fsdp_prefetch_2",
    "num_params": 3406809600,
    "param_bytes": 13627238400,
    "mem_after_wrap_current": 6880176128,
    "mem_after_wrap_peak": 13916301312,
    "mem_after_warmup_current": 34083678208,
    "mem_after_warmup_peak": 42399902720,
    "mem_measure_start_current": 34083678208,
    "mem_after_zero_grad_current": 27260289024,
    "mem_after_backward_current": 34124638720,
    "mem_after_backward_peak": 42399788032,
    "mem_after_step_current": 34124638720,
    "mem_after_step_peak": 42399788032,
    "mem_after_init": 13916301312,
    "mem_before_step": 42399788032,
    "mem_after_step": 42399788032,
    "total_median_ms": 1558.0496464936004,
    "total_mean_ms": 1557.8048084353213,
    "total_std_ms": 1.1284275789615095,
    "fwd_bwd_median_ms": 1519.5283852481225,
    "sync_median_ms": 6.642326501605567,
    "optim_median_ms": 31.709833750937833
  },
  "fsdp_prefetch_4": {
    "label": "FSDP fp32 prefetch=4",
    "mode": "fsdp_prefetch_4",
    "num_params": 3406809600,
    "param_bytes": 13627238400,
    "mem_after_wrap_current": 6880176128,
    "mem_after_wrap_peak": 13916301312,
    "mem_after_warmup_current": 34077386752,
    "mem_after_warmup_peak": 42586493952,
    "mem_measure_start_current": 34077386752,
    "mem_after_zero_grad_current": 27255046144,
    "mem_after_backward_current": 34119395840,
    "mem_after_backward_peak": 42585773056,
    "mem_after_step_current": 34119395840,
    "mem_after_step_peak": 42585773056,
    "mem_after_init": 13916301312,
    "mem_before_step": 42585773056,
    "mem_after_step": 42585773056,
    "total_median_ms": 1540.5081945064012,
    "total_mean_ms": 1540.6440686911083,
    "total_std_ms": 0.6885903857675125,
    "fwd_bwd_median_ms": 1501.937139499205,
    "sync_median_ms": 7.1372585007338785,
    "optim_median_ms": 31.519737753114896
  }
}