{
  "ddp": {
    "label": "DDP + AdamW",
    "mode": "ddp",
    "num_params": 3406809600,
    "param_bytes": 13627238400,
    "mem_after_wrap_current": 13762340864,
    "mem_after_wrap_peak": 13762343424,
    "mem_after_warmup_current": 54692751360,
    "mem_after_warmup_peak": 55959471104,
    "mem_measure_start_current": 54692751360,
    "mem_after_zero_grad_current": 41065512960,
    "mem_after_backward_current": 54733711872,
    "mem_after_backward_peak": 55959471104,
    "mem_after_step_current": 54733711872,
    "mem_after_step_peak": 55959471104,
    "mem_after_init": 13762343424,
    "mem_before_step": 55959471104,
    "mem_after_step": 55959471104,
    "total_median_ms": 1467.064938013209,
    "total_mean_ms": 1467.3321818117984,
    "total_std_ms": 0.8380696404585919,
    "fwd_bwd_median_ms": 1386.1144179973053,
    "sync_median_ms": 18.405380978947505,
    "optim_median_ms": 62.436756008537486
  },
  "fsdp_fp32": {
    "label": "FSDP fp32 + AdamW",
    "mode": "fsdp_fp32",
    "num_params": 3406809600,
    "param_bytes": 13627238400,
    "mem_after_wrap_current": 6880176128,
    "mem_after_wrap_peak": 13916301312,
    "mem_after_warmup_current": 34088200192,
    "mem_after_warmup_peak": 42351668224,
    "mem_measure_start_current": 34088200192,
    "mem_after_zero_grad_current": 27266580480,
    "mem_after_backward_current": 34128112128,
    "mem_after_backward_peak": 42351553536,
    "mem_after_step_current": 34128112128,
    "mem_after_step_peak": 42351553536,
    "mem_after_init": 13916301312,
    "mem_before_step": 42351553536,
    "mem_after_step": 42351553536,
    "total_median_ms": 1584.598264482338,
    "total_mean_ms": 1584.8292383016087,
    "total_std_ms": 1.9960691993559914,
    "fwd_bwd_median_ms": 1542.2226977389073,
    "sync_median_ms": 10.280569491442293,
    "optim_median_ms": 32.145607998245396
  },
  "fsdp_fp16": {
    "label": "FSDP fp16 + AdamW",
    "mode": "fsdp_fp16",
    "num_params": 3406809600,
    "param_bytes": 13627238400,
    "mem_after_wrap_current": 6880176128,
    "mem_after_wrap_peak": 13864740864,
    "mem_after_warmup_current": 31587412992,
    "mem_after_warmup_peak": 34382213632,
    "mem_measure_start_current": 31587412992,
    "mem_after_zero_grad_current": 24769266688,
    "mem_after_backward_current": 31606844928,
    "mem_after_backward_peak": 34372775936,
    "mem_after_step_current": 31606844928,
    "mem_after_step_peak": 34372775936,
    "mem_after_init": 13864740864,
    "mem_before_step": 34372775936,
    "mem_after_step": 34372775936,
    "total_median_ms": 604.5647669961909,
    "total_mean_ms": 608.9519514971471,
    "total_std_ms": 8.748138495515361,
    "fwd_bwd_median_ms": 549.789507247624,
    "sync_median_ms": 10.09895300376229,
    "optim_median_ms": 44.99911049788352
  }
}